,debt_to_equity,current_ratio,cash_ratio,return_on_assets,eps,price_to_sales,price_to_casflow,shareholder_equity,interest_coverage,net_profit_margin,regression_target,target,SP_target
MMM,2.8154040404040406,0.4218614524471552,0.1232098543965079,0.031130204890945142,157.0,0.771222555974043,0.5631283360142861,0.2617316589557171,-15.0625,0.16922155688622756,0.771222555974043,True,True
ABT,1.1931434397502072,0.4643772698141423,0.119632557145909,0.017843952319568965,0.051254316262428753,0.9870521445317965,1247.5715501495392,0.45458627232304505,-10.562043795620438,0.13916186603411274,0.9870521445317965,True,False
ABBV,8.797118533071382,0.1712845785069827,0.05873507429354138,0.015425642122429337,128.22222222222223,0.7402471262831616,0.2576740559337478,0.10205786620862045,-5.630158730158731,0.17888699426445512,0.7402471262831616,True,True
ACN,1.1080944847907472,0.938716098274905,0.4331197386163104,0.03920413419865852,20837.166666666668,0.7723435107307706,0.011085352410601346,0.46791981490899875,-213.53840072283714,0.1275507909457299,0.7723435107307706,True,True
AES,15.036926147704591,0.19529435189486957,0.04994358531890888,-0.009717804301514577,-41.625,0.7048631222716287,0.11145722856649566,0.05848192138208772,-2.4655172413793105,-0.13084479371316307,0.7048631222716287,True,True
AFL,3.955663659595431,0.07305644634017248,0.04329991593760702,0.01525892330154391,18.192592592592593,0.6299842979005561,2.392623739242554,0.20178931999627225,-19.3015873015873,0.43353927625772287,0.6299842979005561,True,True
APD,1.053444593453534,0.6824854228550773,0.41279645433542367,0.019341637364165526,1.9518845228548516,0.9914731727604743,58.10831826515213,0.4799570892186662,-14.658163265306122,0.20981854230421101,0.9914731727604743,True,False
AKAM,0.8293801491229587,0.6584586130699523,0.2179541595925297,0.021109223326488246,96.66240097501523,0.9384497839914331,0.45126449165088295,0.5466332410349046,-10.518933271761718,0.20006810915122122,0.9384497839914331,True,False
ALK,3.270121598147076,0.39530765825586545,0.16423196104471005,-0.0292223201572988,-431.0,0.5582139520715457,-0.17868293203958652,0.2341853684995593,17.566666666666666,-0.6148359486447932,0.5582139520715457,True,True
ALB,1.4319448245900912,0.3770377621515721,0.11886241869690899,0.009607228628116369,92.30140845070423,0.5093242533195923,0.37122083232482245,0.40313602944805516,-8.09028969678057,0.1316176352447822,0.5093242533195923,True,True
ARE,0.8947596173882297,0.14222272953274437,0.046603584483023486,0.003699384651433085,60.807201800450116,0.8296383363515966,0.659989325088929,0.4884293137348464,-4.493120642688951,0.14769141066287672,0.8296383363515966,True,False
ALLE,2.6696591046948925,0.5094065254930473,0.1949013905298555,0.048518677544010305,163.22222222222223,0.7120060286390344,0.5454202673249084,0.27225286521121644,-13.170542635658915,0.20167490389895662,0.7120060286390344,True,True
LNT,2.0373095112979507,0.08881437537614995,0.016249677585762186,0.014025085518814139,123.0,0.8662724224607862,0.8626116213876425,0.32548460661345496,-3.8309859154929575,0.2673913043478261,0.8662724224607862,True,False
ALL,3.7752342545368283,0.22394671525966886,0.0038748730193638925,0.00939307535641548,128.11111111111111,0.6947252990948666,0.6380201975504557,0.20605295315682282,-22.03846153846154,0.10026086956521739,0.6947252990948666,True,True
GOOGL,0.40542457260943077,1.904115936656511,0.23318235001100518,0.03758483907727165,0.19625874674996074,0.6086530441992748,4939.665811968672,0.7115287575649222,-233.60416666666666,0.24358391267623936,0.6086530441992748,True,True
GOOG,0.40542457260943077,1.904115936656511,0.23318235001100518,0.03758483907727165,0.19625874674996074,0.5898691631975387,4953.147432859103,0.7115287575649222,-233.60416666666666,0.24358391267623936,0.5898691631975387,True,True
MO,13.819687798661993,0.1475103734439834,0.0950437989857077,-0.020406850871363957,-1.018181818181818,0.7458949658148162,37.39953735623434,0.06728687487942381,-10.056603773584905,-0.16766467065868262,0.7458949658148162,True,True
AMZN,2.4089882210812443,0.5665332691420433,0.15009728992397345,0.022436113247265035,1266.2,0.959642221228475,1.3159185809381269,0.2933421693322324,-14.47196261682243,0.06584845805814135,0.959642221228475,True,False
AMCR,2.5007467463196074,0.39348178483064583,0.06458493302619231,0.012025508654722138,12.375,0.8882062908161816,-1.5448557073419744,0.2846644397206195,-6.931818181818182,0.06393283823054569,0.8882062908161816,True,False
AEE,2.5781599717281187,0.07264918212555972,0.00027414785707758385,0.012026083822131927,183.5,0.907671975612463,0.2425046905757874,0.2781728217059344,-4.781818181818182,0.2357096981374438,0.907671975612463,True,False
AAL,-12.355463096960927,0.18067085401385047,0.00370419173950601,-0.0382170678476415,-479.8,0.5153039733870088,-0.023598310218611807,-0.08806333933379,10.929411764705883,-0.7560668137409392,0.5153039733870088,True,True
AEP,2.8505835735224077,0.07472607730295738,0.007057137492743912,0.009513364587053132,0.22295687395758876,0.94315565893614,225.52382884122886,0.25881409543610123,-3.339855818743563,0.18409403895337398,0.94315565893614,True,False
AIG,8.057196296936642,0.22243442061710067,0.006224847500014631,0.0004989345668104568,0.06042803189257239,0.5200873094154637,140.83803281184726,0.11022122897285311,-1.6174142480211082,0.02890115403913698,0.5200873094154637,True,True
AMT,9.839536940268511,0.07768627002412973,0.04428321649754073,0.011200563404739738,103.2,0.8956391569247476,1.1101227378666456,0.09000246007206564,-4.204819277108434,0.23071190819216056,0.8956391569247476,True,False
AWK,2.746007371007371,0.10999888155687283,0.03131640756067554,0.010822333360662458,132.0,0.9094752868762117,0.6251477130914934,0.2669508895630073,-4.494949494949495,0.24467099165894346,0.9094752868762117,True,False
AMP,25.155760672490523,0.1513497575678155,0.05024243218451055,-0.0008822398810236504,-46.666666666666664,0.5821863417153919,0.48439808380909455,0.03823249541550348,-0.15668202764976957,-0.04646531695984069,0.5821863417153919,True,True
ABC,-44.27657607436865,0.7327073759445585,0.10191289862546528,-0.1094543333085638,-1683.8332175121611,0.8157105166178019,0.21135544812737134,-0.02301361744359041,-16.16151673610917,-0.09840785522636639,0.8157105166178019,True,False
AME,0.8290734252984472,0.5588728227262405,0.27591128636296164,0.01960830357469761,76.59341070760016,0.7300923389014401,0.8518758423838829,0.5467249079062156,-12.543304856751782,0.18153640560028822,0.7300923389014401,True,True
AMGN,4.8980746418468835,0.4221655054212154,0.169287231267931,0.03126692142271455,0.06372780878504083,1.0388791786400604,2325.0448367148283,0.16954685396908892,-8.12251655629139,0.3146504748559863,1.0388791786400604,False,False
APH,1.3191341613428038,0.7575917096575271,0.21365078887602088,0.029488084805894214,1155.3333333333333,0.7909210725874153,0.040395743393503235,0.4288108627774611,-16.992857142857144,0.14917792889730566,0.7909210725874153,True,True
ANSS,0.3500884357171651,1.160771778381484,0.6721994904040959,0.015605116898579224,79.94397463002115,1.0011626277366266,3.2744115168667576,0.7406922195202728,-49.45169994603346,0.20608777403839604,1.0011626277366266,False,False
ANTM,1.5522242858406297,0.8631986781379979,0.07566520426186542,0.002564280268902904,74.0,0.6895517674389352,-0.6921617590862772,0.39181509460115044,-9.181818181818182,0.007124975929135375,0.6895517674389352,True,True
AON,7.8314511575381145,0.6578824038357547,0.02805436389199322,0.008769412289932714,137.5,0.8337580684534822,0.5381575734991776,0.11295003029433337,-6.1,0.11530398322851153,0.8337580684534822,True,False
AOS,0.7005895483944823,1.168545751633987,0.3087418300653595,0.03547507657096698,0.35680433310765064,0.7608440945417575,101.4195401730086,0.5880313688532867,-87.4375,0.1386842105263158,0.7608440945417575,True,True
APA,-7.7592931139549055,0.13500353412392996,0.012722846147804917,-0.0003106796116504854,-0.015267175572519083,0.4123457718293225,8.105253263523705,-0.12745631067961166,-1.5982142857142858,-0.00354295837023915,0.4123457718293225,True,True
APTV,1.2073882928154285,0.7411698537682789,0.23869516310461192,0.018182923862807104,99.66666666666667,0.5790437645734541,0.4920214685429827,0.44776210167842373,-9.894736842105264,0.08151581243184297,0.5790437645734541,True,True
ADM,1.3129593209812649,0.8973944578028302,0.03736844179904608,0.005022882018082375,0.08152173913043478,0.6692879444023269,-115.80784310234917,0.43134278379283403,-4.13,0.014875049583498612,0.6692879444023269,True,True
AJG,2.77157509919088,0.7001631586514718,0.0393768714797427,0.008095384347395587,0.9183567342693708,0.7231474868353194,34.185732665223235,0.2645760466470165,-5.879417879417879,0.0988967911743294,0.7231474868353194,True,True
AIZ,6.344080222465661,0.37082720109662987,0.05852411895033818,-0.000692937089572444,-18.875,0.7346964418879728,0.31271998296223746,0.13614378215159262,-6.482352941176471,-0.012067932067932068,0.7346964418879728,True,True
T,1.9566569639937796,0.14547725307644607,0.02840781724440097,0.005228826132246966,0.36950531426322003,0.932300883385377,16.378702354069286,0.3259716313900396,-3.6627789046653145,0.06650921114785073,0.932300883385377,True,False
ATO,1.261606964185874,0.05500319859324924,0.002428619898926554,0.004253718593723876,103.86804451510334,0.9268962205580431,0.4111806479733873,0.44216347748998763,-6.629082225377566,0.13756806495491816,0.9268962205580431,True,False
ADP,6.297440134965312,0.9517293035767006,0.044096421112484005,0.014203788148647915,9.422535211267606,0.69647854331732,18.134987154499726,0.13703435471961614,-50.913907284768214,0.1734808540063964,0.69647854331732,True,True
AVB,0.7940073726920973,0.04960305843780572,0.010331954008226847,0.007715121503382858,105.65307582260372,0.6954591691852279,0.6060768347078163,0.5573184015073485,-3.197656294014911,0.25776463094334356,0.6954591691852279,True,True
BLL,4.857588357588358,0.2871103502389614,0.054996790070618445,0.014199858590619844,0.20704467353951891,1.0221995580614658,166.4764133499648,0.17004477963704925,-5.617647058823529,0.0779178790817976,1.0221995580614658,False,False
BAX,1.390871062992126,0.757717823971694,0.36134453781512604,0.01263806832776779,0.3601756954612006,1.1040884730095035,154.70388616470092,0.4175699974312869,-9.525,0.09050772626931568,1.1040884730095035,False,False
BDX,1.2728611707276016,0.2965252752339075,0.09339769233312395,0.0023698437384284976,0.3506849315068493,0.9463464010408102,56.57427239788294,0.4399577871584092,-8.105691056910569,0.026755852842809364,0.9463464010408102,True,False
BIO,0.36212277531983894,0.7271641467857985,0.2629478319261678,0.10937788429199036,438274.6666666667,0.8869503162504693,0.011398602915423169,0.7341482119812517,-18.942039106145252,2.031359740939927,0.8869503162504693,True,False
TECH,0.42646939278878054,0.882833640974176,0.27598723385537244,0.01626567876027229,86.51554404145078,0.575697722665929,1.4447672982818276,0.7010315153309928,-11.08288043478261,0.16354144731364992,0.575697722665929,True,True
BIIB,1.3189199237811962,0.5527358065061735,0.15679088910187744,0.02813416165010969,7015.0,0.6971052021768915,0.024018287416457645,0.43147737435880984,-19.124333925399643,0.2077841296170137,0.6971052021768915,True,True
BLK,3.8113541758923035,0.19662747285092408,0.04896128642468746,0.008260758972371274,682.0,0.6370209657018938,1.110345305629711,0.2051441999055221,-32.53703703703704,0.3121995880064088,0.6370209657018938,True,True
BA,-14.619236951188563,0.7581098753573206,0.06112930665339614,-0.002784306186864772,-0.08871764473424225,0.6662097723668654,-173.5590023239462,-0.07330352658113246,-0.7729393468118196,-0.03175613551170521,0.6662097723668654,True,True
BWA,1.2558335085137693,0.8645798459993305,0.355038500167392,0.010190965846492839,37.0,0.7210252931059407,0.23793741967722679,0.43674256334924716,-15.95,0.04380426203630623,0.7210252931059407,True,True
BXP,2.4393306561287433,0.2185825712724616,0.1185537898215709,0.004027968726282671,59.43380462724936,0.6430875249438655,0.5276201454837185,0.25826527605582333,-2.071310803383997,0.1348186678057179,0.6430875249438655,True,True
BSX,0.9738089139344263,0.38160057868087066,0.11336884329585059,-0.004769165882620122,-8.647058823529411,0.8877370742766423,2.218847622215526,0.506634655938747,0.3626373626373626,-0.07338991512730904,0.8877370742766423,True,False
BMY,1.50137565293672,0.45516957480147663,0.25808036544232865,0.014912057099158807,6.410958904109589,0.9007184555923808,7.6325755039815055,0.39955072648483303,-6.068452380952381,0.1776091081593928,0.9007184555923808,True,False
BR,2.6314890456739697,0.3747918606948325,0.13450738012587135,0.04697533641457728,143.5625,0.8815385712335473,0.4473766080405558,0.27536913575197347,-18.444444444444443,0.168661428886115,0.8815385712335473,True,False
BRO,1.288549408709542,0.5858047791681285,0.13497230126864088,0.011801404160292489,3.235300016714023,0.8793791899621786,3.1545237568403017,0.43695801200284157,-10.367513940183938,0.16180367361746165,0.8793791899621786,True,False
CHRW,1.8314320952304954,0.8342277615437624,0.11605065867100922,0.029827657770734914,10.684308194774347,0.8310405931609955,2.331338679573163,0.3531781679258651,-15.224758064516129,0.03967616045444046,0.8310405931609955,True,False
CZR,2.8036752164776,0.338644677248313,0.20972714462804265,-0.016263619089503415,-99996.0,0.42716999247961995,-0.0003609431858982675,0.2629036242810583,0.9409856757074088,-0.7906697240452282,0.42716999247961995,True,True
CAH,28.341772151898734,0.6706863182968588,0.06813557639819363,-0.006063220456778585,-0.09166666666666666,0.7882589693109147,463.37701755099823,0.03407865410885039,-10.222222222222221,-0.006476385511327275,0.7882589693109147,True,True
KMX,4.334836386645776,0.25069060909492064,0.04121706841609,0.013964592244882475,3.6146733105103497,0.8359784007797001,-24.395041886495843,0.1874471731697736,-18.208643019270994,0.052491514022871534,0.8359784007797001,True,False
CCL,1.6056504127570117,0.2959604023630848,0.26108893501516844,-0.05623991499075131,-7.745257452574526,0.6273315285522172,-2.1374762147926907,0.38378133732142156,4.583870967741936,-92.19354838709677,0.6273315285522172,True,True
CARR,3.981750392464678,0.4600068996106648,0.1896407274160958,0.028801305970149255,82.33333333333333,0.6557517277378444,0.29017406492121317,0.19807213930348258,-9.122222222222222,0.14814074370251898,0.6557517277378444,True,True
CTLT,1.4014843266820742,0.5472302868424108,0.2338868888630821,0.010320382755942988,51.5,0.7983224718156806,0.9155377812917501,0.3847724255404424,-3.355731225296443,0.0974340782783493,0.7983224718156806,True,False
CAT,4.571792631425659,0.6030037108410709,0.1278886429151603,0.005981767364104172,0.07483660130718954,0.572587196505963,540.8067368946857,0.1793746571585299,-6.7555555555555555,0.04581374412323697,0.572587196505963,True,True
CBOE,0.8169532067573628,0.505910771145189,0.07784650294623577,0.018085176408636123,91.58333333333333,0.7592893823204409,0.1477293407095769,0.550371906266456,-15.854166666666666,0.13864009082881293,0.7592893823204409,True,True
CBRE,1.4882696667346245,0.7968373921101832,0.15194897369712454,0.011263910438784282,54.89922480620155,0.5275157315560203,0.18434502145996834,0.4008726698279252,-12.003533568904594,0.03261778003104262,0.5275157315560203,True,True
CDW,6.447476786435204,0.7212843760957772,0.15647698241747232,0.020946041176534362,138.0,0.7151527940305474,0.7457829121523684,0.13427366458145865,-8.116915422885572,0.04061895551257253,0.7151527940305474,True,True
CNC,1.721823116219668,0.6217143386954708,0.29664827778035324,0.017645251437517374,,1.033501341720001,,0.366599850761555,-11.711229946524064,0.046697126926353284,1.033501341720001,False,False
CNP,4.099291975724882,0.11452893037792491,0.007607846362626969,0.003699740100902003,24.2,0.7360550214848564,0.3654090378635613,0.18137899403760893,-2.359375,0.07459926017262639,0.7360550214848564,True,True
CDAY,1.906251534646172,0.8685112193111265,0.14287554422031584,-0.00013518080432578573,-0.5333333333333333,0.9587055144832388,5.298077020889673,0.34408583981074686,-0.13559322033898305,-0.003913894324853229,0.9587055144832388,True,False
CERN,0.7121238442056975,0.7176909299013569,0.0943251815155566,0.019587341287486695,36.300646551724135,0.9665990078029838,0.9729308159151553,0.5840698985556901,-5.0515130674002755,0.10128770721066427,0.9665990078029838,True,False
CF,2.284501061571125,0.1813816604708798,0.08565675340768278,-0.00234682759198726,-14.0,0.5409712439948877,0.2676250816995253,0.23686195624842846,-0.9583333333333334,-0.03305785123966942,0.5409712439948877,True,True
CVX,0.6907660084690455,0.2724855808843724,0.07542982697061247,-0.000927988953793323,-0.11299126637554585,0.6413140788826409,35.32508521798576,0.5907479053002963,2.0,-0.008626078259782472,0.6413140788826409,True,True
CMG,2.1505670884531263,0.3138183773443768,0.16521621231585376,0.0015223097992618055,22.275204359673026,0.7371480979746782,3.143495259917822,0.31740317597584716,-4.280672268907563,0.005990160748803067,0.7371480979746782,True,True
CB,2.328771737010973,0.2789233708600702,0.012993537484871321,0.0063583014708231715,0.1079175704989154,0.6874651085235948,355.7792867311775,0.30041110625925255,-7.592307692307692,0.12584317032040473,0.6874651085235948,True,True
CHD,1.2044668722549294,0.3735743657382264,0.14200739648796132,0.030549667938391974,0.7383879781420765,1.0988645091329419,135.86715025510003,0.4536244171259008,-16.028776978417266,0.1742143432715552,1.0988645091329419,False,False
CI,2.3306545636242504,0.30869347721222734,0.04773730191342254,0.008672615030866512,347.0,0.6942887016872031,0.7474869882594274,0.3001174676963835,-7.0251572327044025,0.03386439602800888,0.6942887016872031,True,True
CINF,1.7489738604450205,0.22894021739130435,0.04360177865612648,0.035717092337917485,2.2896725440806045,0.5979187692358106,55.39108350612973,0.3637721021611002,-82.78571428571429,0.33492999263080325,0.5979187692358106,True,True
CTAS,1.3498740953206818,0.6388522220321105,0.1447817520738479,0.033691936358164455,0.2052677242180418,0.9014216548590717,1883.3202607838318,0.4255547146084575,-14.369507676019058,0.16212249181581834,0.9014216548590717,True,False
CTXS,65.98537790697675,0.38304909870359755,0.1252973152526304,0.02131387577209014,305.0527950310559,1.1599485971994223,0.39126496412740547,0.014928631161694869,-7.711100426708335,0.1280381141076945,1.1599485971994223,False,False
CLX,4.902242152466368,0.39224295645810464,0.15733626051957555,0.061236535340120996,2.610062893081761,1.176891045797169,85.30682875033146,0.16452707687767448,-18.64,0.21659707724425886,1.176891045797169,False,False
CME,3.6601135672878766,0.9149444446694832,0.013489838822704976,0.003273727166607824,114.36111111111111,0.7556914944798668,1.8827638129967486,0.21453448983291826,-12.589928057553957,0.38215910145734705,0.7556914944798668,True,True
CMS,4.395112781954888,0.10666324523137456,0.022196561457531433,0.0074453551912568305,72.66666666666667,1.0036374217581299,0.5149516401619747,0.18169398907103826,-2.763888888888889,0.1384126984126984,1.0036374217581299,False,False
KO,4.131133444402644,0.39561325909351097,0.14811104751001716,0.01787331247942048,0.9869318181818182,0.8524524322023798,24.204846106092113,0.19146155745801777,-4.112121212121212,0.2007628294036061,0.8524524322023798,True,False
CTSH,0.6864452423698384,1.1271086700666928,0.5800967699751537,0.018523447064459467,69.6,0.9651934707373904,0.37172991778399495,0.5929632192473518,-112.5,0.08201744049021918,0.9651934707373904,True,False
CL,53.764925373134325,0.292317301686446,0.06919286557012978,0.04193910573938313,0.4331514324693042,0.9611493130091573,101.79326983594987,0.017700283997093984,-26.457142857142856,0.16294585578650245,0.9611493130091573,True,False
CMCSA,2.090083085777943,0.15195291896843682,0.07610137967409711,0.0075072506878857736,37.388888888888886,0.8106848107620318,0.4690805652621327,0.3204283483304826,-3.3409836065573773,0.07907723640921197,0.8106848107620318,True,False
COP,1.0516843712438684,0.3416012849817755,0.0769135726200037,-0.007125100938929968,-25.0,0.5344781945434268,0.6564530798916444,0.487404404895736,1.375,-0.10178692603483375,0.5344781945434268,True,True
ED,2.229903978052126,0.11230314960629921,0.0281496062992126,0.0032159239010849513,5.428571428571429,1.0010445662621177,3.1168197095394135,0.30847480577512226,-1.5461847389558232,0.06987863184994483,1.0010445662621177,False,False
STZ,1.237055099247091,0.24464163444846357,0.014150649781792278,0.019351913084553612,232.77272727272728,0.7631228055732542,0.5276557383155017,0.4416816249409542,-8.179640718562874,0.2265528225092904,0.7631228055732542,True,True
COO,0.7946385830540929,0.4422021419009371,0.042637215528781795,0.008179716673581887,10.415094339622641,0.7328271811861672,13.291687579865151,0.5571987434058443,-12.631578947368421,0.09546869595295746,0.7328271811861672,True,True
CPRT,0.3879248014473496,0.9979435565288974,0.49466266975236733,0.04790752420728854,6897.208333333333,0.7900533844312517,0.008384628929592346,0.720500130091475,-41.96552427580579,0.31490567078657455,0.7900533844312517,True,True
GLW,1.6805019305019304,0.46283744974152785,0.1443997702469845,0.01410777414345657,0.4959349593495935,0.7445337131623702,44.81838911458066,0.34228697921829054,-6.171428571428572,0.14228590469843386,0.7445337131623702,True,True
CTVA,0.7194889239193561,0.8122693726937269,0.1595940959409594,-0.00940273446869753,-56.0,0.627458987022006,-0.5412778076918229,0.5782201966898537,34.90909090909091,-0.21041331186258722,0.627458987022006,True,True
CTRA,1.0860656279384164,0.14019020200215837,7.388679760276459e-05,-0.003385373944545579,-0.31329312727729614,1.008130156944228,6.423442345782802,0.4793713038588647,0.5256793383834873,-0.04488829681902465,1.008130156944228,False,False
CCI,3.081877499473795,0.0404316350225379,0.008263898374538997,0.004202547310885371,40.75,0.8305125532913862,0.977060753711233,0.24498530397566132,-2.613095238095238,0.10969044414535666,0.8305125532913862,True,False
CSX,2.1014709352631167,0.1582572241353496,0.10847432250336876,0.018659838247597798,0.9620915032679739,0.7871963402304402,20.800745941824832,0.3223132114697158,-6.149732620320855,0.27794561933534745,0.7871963402304402,True,True
CVS,2.3803682764834972,0.36151441515147814,0.056512766658933,0.00525551958368041,72.0,0.6727357520706051,0.5153056911114313,0.2954383464005702,-4.243502051983584,0.01830910070005385,0.6727357520706051,True,True
DHR,1.0064825196795923,0.3591594068422771,0.16288640307919652,0.012120887849890315,103.94117647058823,0.8587297814668746,1.045100694331856,0.47596332591126167,-19.663624511082137,0.1501733750339951,0.8587297814668746,True,False
DVA,8.883528061789852,0.24516244373060228,0.05078946213411042,0.009308209837087262,1259.3174603174602,0.7111424758360281,0.0223561147237688,0.09237914591188238,-5.979150525733259,0.054264849015035914,0.7111424758360281,True,True
XRAY,0.8526200167991212,0.5968727897342629,0.28016065474386176,-0.011087608377304107,-36.69230769230769,0.7329109417315971,0.6492450263144833,0.5396318077218103,8.300813008130081,-0.19445576844679985,0.7329109417315971,True,True
DVN,2.374462454515382,0.48439676790192254,0.237809974923377,-0.008909548711989153,-2.4210526315789473,0.31143752907083666,0.7346277762267549,0.2927561495254697,1.4615384615384615,-0.08273381294964029,0.31143752907083666,True,True
DXCM,1.556659774561462,1.3869917305797164,0.2885727751831698,0.018835437754356674,722.0,1.056918730037464,0.2792886253294906,0.39113534383804655,-3.8565573770491803,0.14414054701537232,1.056918730037464,False,False
FANG,0.7935411610976293,0.07692307692307693,0.005998588567395907,-0.11766730589565816,-1196.5,0.5029787006931707,0.25032142356589987,0.5268230319122781,9.0,-5.923267326732673,0.5029787006931707,True,True
DLR,1.0165486914364308,0.12254491329246114,0.05715044398894042,-3.8944180374994644e-06,-0.04956896551724138,0.8966101482837546,0.8448918624808244,0.47181453042927524,-1.8299869272282372,-0.00013494854353361782,0.8966101482837546,True,False
DISCA,2.1575960271612447,0.22156982479214618,0.07905491098689464,0.008190032941460909,38.714285714285715,0.33486749632651486,0.14904137504569936,0.29819577503097705,-4.465116279069767,0.10665092483274302,0.33486749632651486,True,True
DISCK,2.1575960271612447,0.22156982479214618,0.07905491098689464,0.008190032941460909,38.714285714285715,0.36360203483163483,0.13604440121309067,0.29819577503097705,-4.465116279069767,0.10665092483274302,0.36360203483163483,True,True
DISH,1.79454066642419,0.21977942895656308,0.07953062517082894,0.013977642431309072,95.94961019205172,0.7178536516436073,0.15163839074594998,0.3515540822954581,119.68840365889643,0.1113513995415738,0.7178536516436073,True,True
DG,2.513755237000839,0.41086254219672946,0.16005332652078305,0.030471149688249505,3.61440712967977,0.9162721952924064,35.097720184277826,0.2845958049296423,-26.51240909322077,0.09069313023440967,0.9162721952924064,True,False
D,3.192993444402689,0.25930769331363035,0.005400881402921445,0.0034055579470990576,0.016233470132238942,1.006033462266356,1000.1816616263441,0.22910030133448128,-3.107843137254902,0.0986969780981425,1.006033462266356,False,False
DOV,1.7679623191200402,0.45386554695054493,0.07448336542063402,0.022290301181697558,0.7736787012395082,0.7110379103778443,81.5172486693808,0.36127659437138177,-10.289496465156542,0.11457132136254644,0.7110379103778443,True,True
DOW,3.8054881010199124,0.3783847021036735,0.09676047050815732,-0.0004170489615480857,-3.125,0.6608550040946004,0.20376310580587684,0.20608891483860206,-3.4752475247524752,-0.002574135090609555,0.6608550040946004,True,True
DTE,2.592793962509129,0.11958937122468781,0.029576539075459297,0.010711312135736627,0.08865710560625815,0.813346461985591,462.53666585748846,0.27730146943000517,-3.353932584269663,0.14494518879415347,0.813346461985591,True,False
DUK,2.590909090909091,0.07605552342394448,0.002699055330634278,0.008078855578065659,1304.0,0.8477307992207614,0.024981291981588258,0.2728720207671195,-3.599616858237548,0.19401874721023657,0.8477307992207614,True,False
DRE,0.7036326491332887,0.07621539021761213,0.008510958393181204,0.004648063285564425,10.750539956803456,0.8899914166990146,0.7161263196082022,0.582212531818281,-3.1839674269953155,0.16506315261501983,0.8899914166990146,True,False
DD,0.9058547884661466,0.3705140640155189,0.11780266290450578,-0.001095077695069378,-11.285714285714286,0.6509272822337229,0.29981967381068636,0.5206332044191236,-2.314720812182741,-0.015502354788069073,0.6509272822337229,True,True
DXC,4.753237900477164,0.398537214972035,0.14718676800994313,-0.00950525905726529,-81.33333333333333,0.4417223570618958,0.11345339225510419,0.17144526684846123,-1.3229166666666667,-0.05357927097057532,0.4417223570618958,True,True
EMN,1.6218930041152264,0.3586724855373998,0.06596975540444534,0.010056843025797988,80.5,0.6086513586662059,0.34495672165538394,0.3794740458492098,-5.87037037037037,0.07587181903864279,0.6086513586662059,True,True
ETN,1.1375379939209727,0.5265682880913342,0.026052104208416832,0.014394061642730353,111.5,0.6846976726850287,0.43339904718885724,0.4671938034532839,-6.477777777777778,0.09854175872735307,0.6846976726850287,True,True
EBAY,5.308561643835616,0.43474614540997353,0.062125024191987614,0.03604581727376364,332.0,0.7825494138054798,0.9831801641555059,0.1585147386135389,-10.134328358208956,0.2547966231772832,0.7825494138054798,True,True
ECL,2.003042545762881,0.41435294703553377,0.08588361263975697,0.013604389653590907,0.6799226732946699,0.9351414295868776,158.76420876957664,0.33235711799128037,-8.425760286225403,0.08156098853773272,0.9351414295868776,True,False
EIX,3.8483415769566482,0.11066588542158882,0.0017389003345493034,-0.004200945212672852,-0.04856661045531197,0.8744313661869995,646.2757917156134,0.20053678744384154,-3.8470149253731343,-0.06201550387596899,0.8744313661869995,True,False
EW,0.6152768211291357,1.1505114842694462,0.39529048446245896,0.04781790377602635,0.5121259842519685,0.8222084691936089,234.54743084781757,0.6190889307140336,-446.5,0.28503812779384696,0.8222084691936089,True,False
EA,0.42043343653250775,2.011782032400589,1.195581737849779,0.016129032258064516,61.666666666666664,0.8909646459044458,6.38953137006916,0.7040104620749782,-13.545454545454545,0.16072980017376196,0.8909646459044458,True,False
EMR,1.7174301011302795,0.6100450294423276,0.2296501558711465,0.031596888383882527,1.5157232704402517,0.6577222349562527,24.870437622070312,0.3673192902718294,-21.53488372093023,0.15862220272049143,0.6577222349562527,True,True
ENPH,1.69581766511065,1.2062123357828183,0.9673485187598267,-0.04739224412206504,-47294.0,0.3199058552192294,0.0018705516768834972,0.3709449689205723,-1.8235887096774193,-0.3767305517054597,0.3199058552192294,True,True
ETR,4.181644564126887,0.09019635955082321,0.027521178069390903,0.00929403722483782,193.00703703703704,0.8907636561699946,0.2783180918576451,0.1921132651965478,-3.3239471095232043,0.17947539027844361,0.8907636561699946,True,False
EOG,0.7407906741234979,0.34136152615235527,0.2053878640936715,-0.0012107822947459285,-0.2063137336824769,0.4097925059186072,5.858601992081398,0.5744516068846176,-1.2821081101386125,-0.018301286222687268,0.4097925059186072,True,True
EFX,2.1451007169682486,0.3679134171574089,0.24440553875537163,0.024238361910527795,0.9475908706677938,0.6820449392787228,100.39313383596145,0.3166554952539514,-5.411764705882353,0.20986614246934382,0.6820449392787228,True,True
EQIX,1.504455080394558,0.25375643515028384,0.16655670123346836,0.0025225147119267545,749.2921348314607,0.9273558751715368,0.1256269917691373,0.39928615939182155,-2.9802378278655652,0.04395130011144848,0.9273558751715368,True,False
EQR,0.9137140512585638,0.02818574033621466,0.018623094253431477,0.004426207204061215,24.526061257388502,0.6349154509388999,0.4626711200052164,0.5081560889950523,-2.1986742994877977,0.14665996179508478,0.6349154509388999,True,True
ESS,1.1676548582877815,0.10139168256758106,0.07862290596114992,0.0054966621252287694,10523.0,0.6371676785428185,0.0060019156378093635,0.4539197026619273,-2.1873173371820314,0.1909448869925422,0.6371676785428185,True,True
EL,3.0148247978436657,0.6552674713157502,0.31791089256444643,0.02921298106462604,87.16666666666667,0.7286211506782737,3.6314253993540504,0.24867340669161592,-15.8,0.14682762492981472,0.7286211506782737,True,True
ETSY,2.3217558391220803,1.0969048440469868,0.739724699871692,0.041436348077787136,728.2619047619048,0.7270173044515077,0.08275311108313803,0.30104560612868336,-11.169194536033915,0.20324578384771794,0.7270173044515077,True,True
EVRG,2.055986639551925,0.10580206664087971,0.019981212355639055,0.013559662515066292,0.05150487494701145,0.7798263235693611,385.8504959315168,0.32744445932473254,-5.6613924050632916,0.24018186610437534,0.7798263235693611,True,True
ES,2.1009815653299992,0.10964318172579252,0.024853568519800553,0.007958656176330686,0.19353951613444137,0.9905636692238788,296.026779426551,0.32132544516333966,-4.282442975847717,0.1477444080623235,0.9905636692238788,True,False
RE,2.1437919938210617,0.3579424109881778,0.04566156503816434,0.008060782753253927,349.2198275862069,0.7524094935977538,0.12353233374031125,0.3180872023230039,-32.78858605631682,0.09536194514717607,0.7524094935977538,True,True
EXC,2.796134911170229,0.13705955687758362,0.023282517880186347,0.0041246744198934395,0.026944559371121224,0.8491629239677524,422.40007921218876,0.2589044674736567,-1.3278688524590163,0.07112627986348123,0.8491629239677524,True,False
EXR,2.508400843097765,0.01344405285784984,0.012481141384636999,0.0130843099225851,88.79395817195972,0.6640436938881434,0.7018042483915812,0.27271494551371606,-3.885559084840952,0.3288108562397276,0.6640436938881434,True,True
XOM,0.9776268320180383,0.28076295471974444,0.05092515178947247,-0.001899213222992769,-0.04250797024442083,0.5185667353794708,116.64727766341625,0.4954712143513489,2.1362007168458783,-0.01488095238095238,0.5185667353794708,True,True
FAST,0.42382866648184087,2.1641046606704823,0.27130008176614884,0.05391130798812248,76.37931034482759,0.8357596753465543,0.43895362801205323,0.702331694494475,-111.1923076923077,0.15672539446685063,0.8357596753465543,True,False
FRT,2.367995748806889,0.24490132245366114,0.16816616694146358,-0.0036685157729060484,-37.22236842105263,0.5866154775963859,0.6159441050361184,0.2811282102755011,-1.636441426520923,-0.13694233599256447,0.5866154775963859,True,True
FDX,2.9897235638680506,0.3248719623277077,0.11951328498264187,0.01603389655882959,38.90625,0.7053875654473634,2.6194213268577897,0.250643931588708,-9.733695652173912,0.06443765850628849,0.7053875654473634,True,True
FIS,0.6929085680487854,0.2924000706422558,0.05374698298699005,0.00024039906244365647,3.3333333333333335,1.0092126409623627,0.6192850806373472,0.589350321533746,-5.071428571428571,0.006255864873318737,1.0092126409623627,False,False
FE,4.936301273974521,0.056324446965399885,0.0032898468519568917,0.007287220243850671,5.722222222222222,1.0909780838736522,2.7781357133892217,0.1684550621418296,-2.0038910505836576,0.12252180808881839,1.0909780838736522,False,False
FISV,1.252145651899533,0.353425900259557,0.023612126099337247,0.0036478195987398442,33.0,0.9274592969641039,0.7911708487658949,0.4379041618305422,-3.096590909090909,0.06973058637083994,0.9274592969641039,True,False
FLT,2.7763591183729046,0.4868679217615843,0.09671774365888045,0.01701974193435568,1498.547619047619,0.8778527318480164,0.07272379273417312,0.26480532403148765,-8.429149539559635,0.3226080374793049,0.8778527318480164,True,False
FMC,2.5309333144355466,0.6003528028224225,0.04797838382707062,0.018451624523449773,9.913978494623656,0.9424252182983971,7.725007235241668,0.28239791068373077,-7.380835380835381,0.15961222193369687,0.9424252182983971,True,False
F,6.8462490566037735,0.4928301187924968,0.05813953488372093,0.009175088384761275,58.170731707317074,0.4302325610049707,0.024626622812400478,0.12743178312168438,-5.932938856015779,0.06359830404522546,0.4302325610049707,True,True
FTNT,4.028323051037577,0.8300034806822137,0.3071005917159763,0.034409681557079914,617.0,0.5223926717217606,0.10671195431032042,0.19887345937203726,-629.0,0.18952541852250038,0.5223926717217606,True,True
FTV,1.2391188233608212,0.3968522646032213,0.15655620505488035,0.013128135955859696,66.41176470588235,0.8424038519413926,0.43637858195400886,0.44629266789537025,-7.052391799544419,0.11869841770488357,0.8424038519413926,True,False
FBHS,1.4800273910066195,0.5495578860785524,0.11939646308862842,0.025249271360638134,91.44444444444444,0.8560028110903772,0.6254868315721109,0.4032213529682467,-12.054726368159203,0.09963077295563223,0.8560028110903772,True,False
FOXA,1.1228452546066972,0.66049055937886,0.40982883359802363,0.0056091954022988505,20.333333333333332,0.6561027209425936,0.1556121265186983,0.46409195402298853,-6.43,0.050454921422663356,0.6561027209425936,True,True
FOX,1.1228452546066972,0.66049055937886,0.40982883359802363,0.0056091954022988505,20.333333333333332,0.6920754356351166,0.15567626953125,0.46409195402298853,-6.43,0.050454921422663356,0.6920754356351166,True,True
BEN,0.8606653813831627,0.9037471855902219,0.34770022515278226,0.0039019034761064047,1.593939393939394,0.572955979194881,3.3425882010624326,0.5002002878210169,-26.101910828025478,0.04848224161238786,0.572955979194881,True,True
FCX,2.5483975747076655,0.3429069125207121,0.10209457449972384,0.008005060950388087,2.0822784810126582,0.38342072995196236,1.9890458871013423,0.22472566242487652,-7.633333333333334,0.08543235523240716,0.38342072995196236,True,True
IT,5.5933322602440665,0.3214496254501259,0.09541712109340199,0.0024798986989741545,206.8780487804878,0.5425767536194818,0.042006370098173776,0.15166837655516283,-2.887287969087694,0.017055794284841014,0.5425767536194818,True,True
GNRC,1.4660535833037267,0.8059908123313352,0.24652106993527123,0.023899552865724222,91.86805555555556,0.3944167513993228,0.8626444483504301,0.3966324917573732,-12.08661119515885,0.12095682895429809,0.3944167513993228,True,True
GE,6.599585124612934,0.39649784531846466,0.09674201219012217,-0.00449835833513556,-1.6296296296296295,0.4536570295319378,26.17972648706329,0.13079448715176062,-0.14376996805111822,-0.058917443477365196,0.4536570295319378,True,True
GM,4.422209916707044,0.4652802053604504,0.11603178495588612,0.016877302635696433,288.92857142857144,0.4714035357144572,0.03688540665445913,0.18083539518756964,-14.886850152905199,0.11400789177001128,0.4714035357144572,True,True
GPC,3.6476205350483895,0.7015564403755808,0.09465524829323836,-0.04254927750848502,-3.912077857261687,0.7483744142801079,24.780299289465297,0.21481326620205937,-9.705438837620264,-0.1476166599576745,0.7483744142801079,True,True
GILD,2.488220120378332,0.7124657313336559,0.2968645610155044,0.005913466276815927,360.0,0.8999217872264448,0.027174136691623264,0.2865567199973718,-13.440677966101696,0.054736201915767065,0.8999217872264448,True,False
GL,2.4093868283997826,0.05359220890564331,0.004042037676266092,0.006737954531101021,1.611911139927315,0.7574659184733405,29.95960349757654,0.29330787333080544,-11.682753529574606,0.15810741379800877,0.7574659184733405,True,True
GWW,1.974659784138902,1.0154467680608366,0.20413498098859315,0.036457542154033115,4.363636363636363,0.768986496641695,62.13024029011129,0.3237125930426857,-16.26086956521739,0.07952286282306163,0.768986496641695,True,True
HAL,3.0136538461538462,0.5757769127688086,0.13496266989981495,-0.0008144102711507138,-0.006376594148537134,0.49343388410345856,75.81587265105475,0.24911372999904188,-1.9248120300751879,-0.005714285714285714,0.49343388410345856,True,True
HIG,3.1209640485459125,0.2625052735843865,0.0031733220830199756,0.0063468797964573625,114.75,0.5478526228599901,0.10365825290295164,0.24154095051093075,-13.918367346938776,0.08891902363425029,0.5478526228599901,True,True
HCA,-51.044147843942504,0.32717179234467086,0.13251000663756865,0.013093931315665674,222.66666666666666,0.5957295121315027,0.1364480791874655,-0.019092049553081386,-5.561038961038961,0.05018405829764856,0.5957295121315027,True,True
PEAK,1.2200944290652633,0.34171739951756114,0.02361975830605021,-0.004026010706952549,-0.1177977356948482,0.7599420841162544,63.87371389518527,0.43423900004958155,-1.4683026584867076,-0.10609480057349445,0.7599420841162544,True,True
HES,2.043103448275862,0.2594523041284024,0.10631256722098122,-0.012810374822078127,-0.7915309446254072,0.4568721034583706,91.08822634640862,0.31187727344614896,0.2711864406779661,-0.216,0.4568721034583706,True,True
HLT,-14.177829099307159,0.24852038877124397,0.19020470217733615,-0.025108022889174356,-143.33333333333334,0.5917659951894001,0.2697062311440962,-0.07584958542566858,2.3773584905660377,-2.4431818181818183,0.5917659951894001,True,True
HON,2.4974549076020804,0.6247369237244954,0.31095061919847583,0.011944720213050946,0.791231732776618,0.7130081195841476,153.91294983576876,0.28481381679509604,-15.465346534653465,0.09721687828652045,0.7130081195841476,True,True
HST,0.8019949382164657,0.29422684239836644,0.29292741785780585,-0.028876127973748975,-50.285714285714285,0.6559270189313329,-0.43912790542425106,0.5510254306808859,9.45,-4.512820512820513,0.6559270189313329,True,True
HWM,2.3317619328226282,0.467778620166793,0.1618650492797574,-0.008448473114494412,-0.22018348623853212,0.5325940831338055,222.77735039495653,0.29868872656868783,-1.2361111111111112,-0.07661612130885874,0.5325940831338055,True,True
HUM,1.6675221975582686,1.1592828320645618,0.2979741253795915,0.04753608113379274,55.39393939393939,0.9595412341485084,4.138447983240825,0.3748797295540242,-32.03947368421053,0.09579206623696483,0.9595412341485084,True,False
HII,3.492021276595745,0.4388423457730388,0.11332825590251333,0.026287744227353464,222.0,0.6253409411576051,0.6191667436479448,0.22261693309650682,-9.074074074074074,0.09593777009507347,0.6253409411576051,True,True
IEX,0.7632146324955801,0.8314363724436407,0.4798941098899657,0.024575947292629796,115.51501668520578,0.8191404242684928,1.056439812759267,0.5671459285615399,-12.651945123097162,0.178705346464457,0.8191404242684928,True,False
IDXX,3.645890833817548,0.5407976880915799,0.10931200553822094,0.07141667484774644,13.75790365073391,0.6937316979883041,21.63452497108684,0.21518730765304603,-21.190628853267572,0.2025785929128873,0.6937316979883041,True,True
INFO,0.8875583330423955,0.1607510456685067,0.02055935070213854,0.010034742755765819,33.9375,0.7373754534529701,0.944674388654419,0.5293280603193377,-4.887348353552859,0.15178904211703317,0.7373754534529701,True,True
ITW,5.050912176495546,0.47114657706845864,0.15220495590088198,0.022365561242375376,53.166666666666664,0.8197417969456807,1.3850064115899552,0.16525275187548202,-8.862745098039216,0.12441497659906396,0.8197417969456807,True,False
INCY,0.38337976763747195,2.3559154132077675,1.6340605522383338,-0.004596620336635999,-69.42009132420091,1.0410672974577122,0.10791565511992711,0.7228673018023057,-22.422794117647058,-0.02449556347207654,1.0410672974577122,False,False
IR,0.7730086528267041,0.5102498303984898,0.19368492463793766,0.001889753691425643,7.023809523809524,0.746800919688576,0.8008569554971002,0.5619102527145191,-4.270833333333333,0.022094068304373878,0.746800919688576,True,True
ICE,5.727038536354556,0.8182661060825821,0.005599720931940441,0.0030449718925671457,65.0,0.8974890922942044,1.3582212679446153,0.14850874453466584,-7.898876404494382,0.2763997165131113,0.8974890922942044,True,False
IBM,6.261505092417956,0.3000512071328524,0.10838592105064988,0.01101681719090626,0.030124543164318916,0.7768084502211757,1522.0738824548355,0.13759991695214369,-6.563467492260062,0.0966915323728717,0.7768084502211757,True,True
IP,3.4885097983927817,0.45619139993533786,0.02740058195926285,0.006407035175879397,0.45434298440979953,0.6209708974113467,22.526430454383902,0.22277010050251256,-3.324324324324324,0.03982041772398985,0.6209708974113467,True,True
IPG,4.83409241166532,0.5534635636297326,0.12369598747844059,0.017400013686103007,7.190231362467866,0.48279836893202105,0.9065466321433003,0.16937174566243848,-5.840551181102362,0.14309833213956819,0.48279836893202105,True,True
IFF,1.1343894671570087,0.42729252011659374,0.06814159831090517,0.006482657660377151,5.279970123241628,0.8220183432343102,9.296540265447186,0.4645038804393363,-5.702387785558489,0.06689504414561903,0.8220183432343102,True,False
INTU,1.1408147277712495,1.3699570815450643,1.105922746781116,0.040709907602232184,148.33333333333334,0.7301138086685454,3.1834219158318815,0.4671118836337023,-69.0,0.2450440528634361,0.7301138086685454,True,True
IVZ,2.1624124552829143,0.8530153271167406,0.04970478174353526,0.0069621921609434615,2.2164310954063606,0.3883687825839942,3.108376672458981,0.2753659382587582,-4.523809523809524,0.1675347222222222,0.3883687825839942,True,True
IQV,3.0328429695518304,0.2619853355893965,0.08257191201353638,0.004237110374627679,33.666666666666664,0.6584927799628864,0.8238501997359537,0.2452489826739942,-2.07,0.03625269203158651,0.6584927799628864,True,True
IRM,12.964668554134532,0.1428775929594848,0.06831323876801526,-0.0004931946309855269,-2.459562651856994,0.6826033726555638,0.22018738653181713,0.07129258545279074,-1.688633598370165,-0.007214130165876126,0.6826033726555638,True,True
JKHY,0.5125998380566802,0.726045902700025,0.24682621321680318,0.0390633966517578,87.96142719382836,1.0091024427246091,1.4600074738942255,0.6611133856028669,-1005.025641025641,0.20189464364763168,1.0091024427246091,False,False
J,1.117436007835326,0.6985410589156024,0.13270744270457135,0.006636527222429212,0.6319172549865893,0.6702398448780962,28.144263272486477,0.47074193201376063,-23.077191483301288,0.023294671773557266,0.6702398448780962,True,True
JBHT,1.3233119886275921,0.5251482696456901,0.09677522254877359,0.021715634821014206,75.10233393177738,0.7587732737308587,0.7745626664665183,0.43042002318023237,-14.754350567465321,0.050756251812419946,0.7587732737308587,True,True
JCI,1.2771250071645555,0.45117134907099904,0.08755946503904496,0.010804851157662623,55.125,0.6048917888409269,0.32927706204927887,0.42746539262526034,-15.206896551724139,0.07406785354383608,0.6048917888409269,True,True
KSU,1.248532245776005,0.1963135129314213,0.11594306944020676,0.01831056571737285,189.8,0.6077878013921413,0.6089532893636953,0.4305201821409277,-6.936708860759493,0.28775015160703454,0.6077878013921413,True,True
KEYS,1.135062611806798,0.8610454426057262,0.4457578145521408,0.02457757296466974,88.0,0.683101978446112,1.0916939824005294,0.46837033933808125,-10.0,0.17408506429277942,0.683101978446112,True,True
KMB,58.5,0.37657864523536166,0.09235871922439087,0.04210721572992024,1.4397463002114166,1.0434614202015269,40.67212833068732,0.01657082792308168,-15.384615384615385,0.1476582827406765,1.0434614202015269,False,False
KIM,1.0902081448228271,0.09463190559209171,0.05444575160726857,-0.0033316001677167477,-8.87722543352601,0.4945410439688464,0.20581786482649095,0.4750821576037609,-1.561054066720634,-0.14778746073782104,0.4945410439688464,True,True
KMI,1.2248291500015747,0.06402344955260722,0.013524632315129076,-0.00887384375348267,-27.695652173913043,0.9130164598856346,0.23829665622041685,0.44234091162376016,-1.830379746835443,-0.248828125,0.9130164598856346,True,False
KLAC,2.3870810983174042,0.7250502496968854,0.18540197698875727,0.045124749787985016,0.20290633299802432,0.6107809152456264,776.5348618486897,0.2947591956134357,-13.364875844208601,0.2733403959392183,0.6107809152456264,True,True
LHX,0.7369211279500775,0.40704189481726727,0.08538138291098943,0.011468569121012248,2.0285714285714285,0.7640028927848738,47.11935328051467,0.5737784358594696,-9.393939393939394,0.0954514900291284,0.7640028927848738,True,True
LH,1.42490513688849,0.32578339012494156,0.05316458112609646,0.012975444140040674,25.733333333333334,0.6943817396652353,4.03288374829556,0.4119367363060322,-6.009487666034156,0.08364634498699798,0.6943817396652353,True,True
LVS,4.615591397849462,0.21968549796156087,0.17565521258008154,-0.03779672735653376,-820.0,0.7330972585086879,-0.0698466271710542,0.1714680802028117,7.771186440677966,-8.36734693877551,0.7330972585086879,True,True
LEG,2.7734310657222863,0.41879732739420933,0.06200445434298441,-0.0013312673228432377,-3.05,0.7242500149445213,0.6002917191899323,0.26498766940922286,-1.5373831775700935,-0.007218080700508816,0.7242500149445213,True,True
LEN,0.7008425234812533,1.8391561569895654,0.1654922251378071,0.022732782574005336,19.694367279390036,0.6872676484453407,1.579009913039333,0.5857730190922585,-38.800276773358334,0.11352455958464489,0.6872676484453407,True,True
LLY,9.209851205746537,0.386839103329354,0.06274306937259584,0.03364548335597017,2.360809229225882,0.7853688580172913,38.5027198592774,0.09752662806490814,-16.698754246885617,0.256755282394443,0.7853688580172913,True,True
LNC,15.140145714418303,0.10914468743774042,0.007953901089638473,0.0011443226644891951,0.0781464755546829,0.44198030431094915,-240.82368317861403,0.06195730928913986,-8.272727272727273,0.07423988061928745,0.44198030431094915,True,True
LIN,0.8363183540877098,0.3176062355957221,0.1346298262423285,0.008026694492540908,700.0,0.8103827370491183,0.12452495275282809,0.529475168847252,-27.763157894736842,0.10211524434719182,0.8103827370491183,True,False
LYV,-104.10761339635924,0.3728818848042104,0.25359631818629713,-0.04858806233763275,-247.38166510757716,0.6110922330391123,-0.20333044849840237,-0.009134227206988864,7.629143782246229,-2.8741862209131717,0.6110922330391123,True,True
LKQ,1.340875833690534,0.5983979091049892,0.06941665363839832,0.00987029902622278,37.06458658346334,0.6125789217330624,0.11687166045022393,0.42529113734523755,-7.420420948894833,0.0452312986635688,0.6125789217330624,True,True
L,3.502417683628828,0.21878903425152849,0.014561830254421143,0.0017492197724755865,46.333333333333336,0.613261305631759,0.12190216996835064,0.21861471861471862,-2.408759124087591,0.04011544011544012,0.613261305631759,True,True
LOW,11.492020623618954,0.5750421945435512,0.17623432392590851,0.01360062893081761,1.8404255319148937,0.8041929209923582,-220.2931177946512,0.08005110062893082,-9.581497797356828,0.03101887130754404,0.8041929209923582,True,False
LUMN,3.5729417780699833,0.07164179104477612,0.010754446943365364,0.005846738765794981,0.33363719234275296,0.621859763562413,5.810319215291852,0.21867761465838112,-2.1662591687041566,0.07083413973292045,0.621859763562413,True,True
LYB,3.3547768957021624,0.4389636882904937,0.10032639738882089,0.0035055870293279915,5.894736842105263,0.6096494631716018,1.5518976140051106,0.2286769538952706,-4.766129032258065,0.01652892561983471,0.6096494631716018,True,True
MRO,0.7134594197576203,0.24732981598249903,0.1439969115943894,-0.016985479290574933,-0.3383137673425827,0.3024526785305909,10.927470924543298,0.583614638589723,3.8548387096774195,-0.41492146596858637,0.3024526785305909,True,True
MPC,2.3830223132766224,0.489664710499757,0.011550106530108772,-0.010545108307545823,-88.6,0.4452163554201761,0.21113595330571552,0.2672339919066889,1.1627906976744187,-0.050831899024670106,0.4452163554201761,True,True
MKTX,0.38768788877140714,2.530211371833374,0.8919517767591568,0.05441652535840913,555.5409836065573,1.1065278449155045,-1.2089559950976574,0.7206231373002415,-83.9416826003824,0.41325317366437814,1.1065278449155045,False,False
MAR,-326.0632911392405,0.159672347529019,0.08862921697270856,-0.00911214953271028,-46.8,0.5831973017478476,0.4325429029108658,-0.003076323987538941,1.047244094488189,-0.8931297709923665,0.5831973017478476,True,True
MMC,2.8904692438609287,0.34053917651511967,0.07196029776674938,0.017781093599428022,1.0196078431372548,0.9078699058031557,48.39796618411415,0.2557120208896764,-7.181818181818182,0.13654810217235616,0.9078699058031557,True,False
MLM,0.812400111180599,0.35342670800812576,0.024933176520902385,0.028211664143204862,490.6666666666667,0.6519255445605233,0.4512226885350054,0.5516223623435613,-11.637630662020905,0.23728540340130572,0.6519255445605233,True,True
MAS,-38.713235294117645,0.6125356125356125,0.20683760683760682,0.042248208223311955,0.8615384615384616,0.8999787663690949,33.65236132556855,-0.025650697849867975,-9.457142857142857,0.12698412698412698,0.8999787663690949,True,False
MTCH,-2.848649349173282,0.17958268427041274,0.09704231667231493,0.04965409431585129,502.20075757575756,0.780489512529223,0.1234865186945727,-0.540406098366648,-4.634675496075389,0.20723228660299794,0.780489512529223,True,True
MKC,1.7582576855595393,0.25447235599519863,0.03196089490505734,0.018976677378069552,0.10453438831405965,1.124969442251751,735.6014296945218,0.36210373180365907,-8.208955223880597,0.14409564427043278,1.124969442251751,False,False
MCD,-6.984266002525938,0.11384047022717056,0.06225642793646931,0.034765765996769185,106.18072289156626,0.9317308664878008,1.211282270249511,-0.16710487127041201,-7.743308610125766,0.32531699304184125,0.9317308664878008,True,False
MCK,9.291039294895336,0.764481511492322,0.051641336785311964,0.007699510977005514,222.0,0.8519809481532202,-0.2854650465108581,0.09444039815489197,-10.05,0.00797428114729072,0.8519809481532202,True,False
MRK,2.073939560063044,0.4390715347761441,0.12152651577730052,0.03275055679287305,1.6448545861297539,1.0510146332982433,62.92034992160087,0.325011135857461,-21.970443349753694,0.2343239582503386,1.0510146332982433,False,False
MET,9.642138141742594,0.09721567978407833,0.03452285468148582,0.0009045576380026958,58.833333333333336,0.5583821837590842,0.11335810714870527,0.09393562009604198,-5.03056768558952,0.044083671557914456,0.5583821837590842,True,True
MTD,4.953540712697154,0.4439488794619911,0.05708630515340736,0.04723084794377767,282.5044642857143,0.7671904645647322,1.9695061288454296,0.16796727330129677,-17.293466917136296,0.18324445866567826,0.7671904645647322,True,True
MGM,3.6793121048740844,0.24505807149008782,0.1819777363802764,-0.01445032431625378,-108.39874315832151,0.4994292512501886,-0.6536291818681595,0.18541131516135417,2.9440589616128143,-0.4889626308633023,0.4994292512501886,True,True
MCHP,2.0807906387199884,0.18734550462603292,0.03251465498975916,0.004388553983387892,245.33333333333334,0.6713252159509178,0.06707802505124918,0.3245920016218569,-2.467309753483387,0.056204658266513934,0.6713252159509178,True,True
MU,0.3724748810153358,1.270604103073756,0.5868531269965216,0.015440822997788674,6.7478991596638656,0.5719384765625,2.733529483570772,0.7272377655994616,-17.49019607843137,0.14766458256712026,0.5719384765625,True,True
MSFT,1.4393882909751037,0.9970046562955706,0.09687009104268365,0.0461559928372331,0.171330266743948,0.8234415654979874,875.7550919206499,0.4099388374125003,-27.138461538461538,0.37393012865371156,0.8234415654979874,True,False
MAA,0.8484748553665501,0.009879130419333543,0.0036744560130265824,0.0053833761774956,52.55263157894737,0.6664019720281235,0.5011458812294602,0.5305256568958973,-2.4787856620336504,0.1415646067216605,0.6664019720281235,True,True
MRNA,0.6852222517734994,1.891628306650979,0.7961508665706014,-0.050234869883568095,-5840.9,0.325377111872803,0.0031699874992719107,0.593393541384596,82.96294989414255,-1.4795516433411438,0.325377111872803,True,True
TAP,1.1026441791795867,0.17721833325503197,0.049081525131378485,0.011954539272474918,0.6564534661049406,0.5525189151192347,40.153962167669,0.47123133846899595,-8.141442715700142,0.12449609587797349,0.5525189151192347,True,True
MNST,0.23078157682303732,2.645027621723723,1.0059605264882128,0.0610167325911252,108.9141604010025,0.8601458471226078,0.503163246560954,0.8124918497571733,-361.6727129337539,0.27893501246026436,0.8601458471226078,True,False
MCO,6.665998663994656,0.4290009018939773,0.24972442128469788,0.04001028101439342,155.66666666666666,0.850273434285541,1.6883248704286937,0.12825565455791638,-13.019607843137255,0.3443952802359882,0.850273434285541,True,False
MOS,1.189222763922745,0.36943453495476675,0.09095926050022667,-0.0003288845509134503,-1.631578947368421,0.5196705241899311,0.2021626255754436,0.4526300154894014,-2.9429133858267718,-0.0026034012177199245,0.5196705241899311,True,True
MSCI,-11.635974918905497,0.40973033175829565,0.2896330951324999,0.044350793427274576,137.31777108433735,0.7617464891693405,2.354659057760767,-0.09402053009945475,-6.064045183290707,0.4287417153148239,0.7617464891693405,True,True
NDAQ,1.4668108467809018,0.5455370307360781,0.06623568107065896,0.017800552895961164,132.0,0.7203808126278844,-60.72089385986328,0.4052997100667521,-14.416666666666666,0.1867043847241867,0.7203808126278844,True,True
NTAP,28.633802816901408,0.5923512051155927,0.44675356615838663,0.009149239543726236,0.23839009287925697,0.5849650776499558,57.81075588862101,0.03374524714828897,-8.277777777777779,0.059094397544128936,0.5849650776499558,True,True
NFLX,2.9824600608071794,0.307614101284286,0.2569365063766032,0.019372980664221474,0.2302554532512014,0.8985072394583775,1367.1240661074867,0.2511010743940308,-7.179068574842321,0.11713768682849171,0.8985072394583775,True,False
NWL,2.9441760601180893,0.42880583409298084,0.07821330902461258,0.020652173913043477,0.6785714285714286,0.596290455721313,10.860251670659974,0.253125,-5.197183098591549,0.11263430900333457,0.596290455721313,True,True
NEM,0.7471426680199461,0.45242454668950444,0.28515740357923336,0.02068999531454218,0.6493808049535603,0.8851599868165559,49.67860703241257,0.5588271559271042,-13.906666666666666,0.2646687697160883,0.8851599868165559,True,False
NWSA,0.7744658401477182,0.5894073569482289,0.25834468664850135,-0.027838160016829115,-66.16666666666667,0.4741462484025698,0.22146052234577682,0.5316597714045298,-2.75,-0.2064482579303172,0.4741462484025698,True,True
NEE,2.2569528253815,0.10725447091676074,0.023302239914443586,0.009724486081878748,245.8,0.9433311311907491,0.11981870053980964,0.29503410295769966,-5.139423076923077,0.2568443051201672,0.9433311311907491,True,False
NLSN,6.670767716535433,0.2787163408336407,0.16599040944300997,0.0004437400950871632,0.21875,0.5239994738826258,1.0764253099473546,0.12881141045958797,-2.5217391304347827,0.004478566858605247,0.5239994738826258,True,True
NI,3.8013157605227836,0.1632728661889492,0.003391871085746038,-0.007616236812545426,-45.5,0.8354746446348417,0.5343719644211554,0.20020262978217299,-1.6039915966386555,-0.19157894736842104,0.8354746446348417,True,False
NSC,1.554471435300451,0.10172719795679841,0.04947837755941301,0.010326115589273484,1.53125,0.6687195882247862,54.81351669520548,0.3914704177862073,-4.0576923076923075,0.1880095923261391,0.6687195882247862,True,True
NOC,3.2774433935224994,0.42419472380119516,0.14560559685177088,0.02202269275440007,5.904191616766467,0.8351912611996356,38.07700002640814,0.23378450817475208,-8.357142857142858,0.10855444236485742,0.8351912611996356,True,False
NLOK,-14.262605042016807,0.26395640005891885,0.14862277213138902,0.010137810866466023,0.024150943396226414,0.7069115002247589,-473.96539586835206,-0.07539996831934104,-7.27027027027027,0.10223642172523961,0.7069115002247589,True,True
NCLH,3.041493650601507,0.2085255788136093,0.17132462853177394,-0.040805602035,-2545.3487544483987,0.5526404493156577,-0.0036191158479165954,0.2474332725602989,6.376352031527769,-42.24957174079981,0.5526404493156577,True,True
NRG,6.049714285714286,0.29054500802871447,0.039482384055917634,0.02537083569749534,78.25,0.7404035604459823,0.2577110322053767,0.14184972035340845,-5.041666666666667,0.13985701519213584,0.7404035604459823,True,True
NVR,0.8841840319589667,1.8419316005450754,0.9840382932179019,0.046630860085237605,1244.9805825242718,0.8519012196664983,4.030855960534166,0.5307337197631966,-29.00044212574056,0.12860453851176049,0.8519012196664983,True,False
ORLY,18.90924291291801,0.42950876772475444,0.0783184245879616,0.04533106649722237,717.4993252361674,0.9069732453952046,0.2840561279926101,0.05022792701731291,-17.651894638448816,0.17197174921035904,0.9069732453952046,True,False
OXY,4.866460541813899,0.12762835446101714,0.015293619338637945,-0.09089791172919555,-38.17370892018779,0.6375706152770643,10.799578968683878,0.1518579796986093,20.502590673575128,-2.7769808743169397,0.6375706152770643,True,True
OMC,7.7487494315598,0.5801422185705762,0.16032845251719044,0.013175213944784374,7.024663677130045,0.5812039953440601,10.590293356146946,0.11096953258058412,-9.216911764705882,0.09770778106970217,0.5812039953440601,True,True
OKE,2.7065507429737696,0.10347979688801115,0.026879191072383114,0.013709569377402343,65.76458201726679,0.44075102637770347,0.307578644884224,0.2697926102578321,-3.0947037778319566,0.14364217040800933,0.44075102637770347,True,True
ORCL,12.80762915245674,0.4561332570662143,0.2761494309552457,0.02219717490501209,0.09285877253023044,0.6345032691009813,1077.0073970882625,0.07196356827312887,-6.123128119800333,0.24918367346938775,0.6345032691009813,True,True
OTIS,-3.4433399602385686,0.4525837182448037,0.12507217090069284,0.025398644132531272,66.5,0.7659425031991297,0.7090326068045079,-0.38422610522295425,-13.102564102564102,0.08139534883720931,0.7659425031991297,True,True
PCAR,1.6740603275597974,1.1389147941557718,0.1887995401570739,0.014155256171581533,1.1109510086455332,0.9041453347391833,34.927305749248994,0.3739631412551361,-220.5909090909091,0.0780996758508914,0.9041453347391833,True,False
PKG,1.3000561552380359,0.6584037243232866,0.2277548473795354,0.018867156769660637,154.55555555555554,0.7516097414494266,0.31998574086118275,0.43477199359791663,-8.954918032786885,0.08212788569404263,0.7516097414494266,True,True
PH,2.0281422902622834,0.3677394720967177,0.05606499120805627,0.016244331763850015,3.5505783060658618,0.6556356086087514,24.497758206483162,0.3299803592626008,-7.321810849328361,0.09949079720418258,0.6556356086087514,True,True
PAYX,2.014791621679983,0.9538967186467321,0.14927745922869443,0.025259941028304027,58.77777777777778,0.7503661823689333,1.2463812965570495,0.3316978834652437,-31.555555555555557,0.22698991632696847,0.7503661823689333,True,True
PAYC,2.9297959041680963,0.9597992227979275,0.084411701208981,0.011058269378025664,44.61363636363637,0.9500121910127742,2.869983125007016,0.25446614134320833,386.77272727272725,0.13983473429263427,0.9500121910127742,True,False
PENN,8.641763872968781,0.12847401026793379,0.0970850303512632,-0.014935586356177775,-152.78571428571428,0.264072637376433,-0.4376253969471676,0.10355758824145515,1.217455621301775,-0.7001636661211129,0.264072637376433,True,True
PNR,1.001902624646307,0.4691532356235088,0.04022009056824268,0.027001340319239675,65.17647058823529,0.6546531680985703,0.327747616867606,0.49952479590593396,-24.537037037037038,0.13876017532874138,0.6546531680985703,True,True
PSX,1.6213365784403204,0.40098824118088566,0.04572179134350763,-0.014719699342311305,-133.16666666666666,0.5401654880317438,0.6026000044253597,0.3633315524769256,3.212121212121212,-0.05009718477647501,0.5401654880317438,True,True
PNW,2.49508266779754,0.08374800712364999,0.0004937609655198898,0.010026472767833743,0.07262565850239991,0.9164072396365517,1002.1307106320107,0.28432442544791664,-4.402871271335141,0.2082477221140503,0.9164072396365517,True,False
PXD,0.6283679423373949,0.33046565615185036,0.1809367745459511,-0.0010539073615429204,-10.0,0.5082996733593065,0.4276740015769491,0.6141118195710598,-2.676470588235294,-0.010770059235325794,0.5082996733593065,True,True
POOL,1.6931065426521754,1.068724401054817,0.0748921938746884,0.07501815646240935,2977.45,0.7673754263185083,0.07936113350424681,0.37131839537814887,-79.65233745298227,0.10454263365837772,0.7673754263185083,True,True
PPG,2.4248587570621467,0.5438024231127679,0.15594905250077665,0.024153005464480876,0.45614035087719296,0.6818418103267146,138.47627270986234,0.2901639344262295,-17.0,0.11994572591587517,0.6818418103267146,True,True
PPL,2.501680549466608,0.07871370991296221,0.021788655879432208,0.0058634504632334526,35.125,0.8985375562882412,0.21682452753123352,0.285577163842751,-3.0522088353413657,0.14907161803713528,0.8985375562882412,True,False
PG,1.508077134520235,0.36490332711747964,0.18776551743476858,0.03567169033936897,1.0668495884260414,1.0128409695311906,114.7692121194621,0.3944486609563049,-38.220588235294116,0.22139973082099595,1.0128409695311906,False,False
PGR,2.5466285460942517,0.40158603326518405,0.0020109991161424527,0.024340603077079637,2.614071038251366,0.9499534110557548,35.572504502337885,0.2797436190985009,-35.104609929078016,0.1398949051862006,0.9499534110557548,True,False
PLD,0.60157195527007,0.14096279085769903,0.048789766589409575,0.005428554201556475,40.959945872801086,0.804289863050172,0.7439543492150059,0.574488126689866,-4.799321034307591,0.26167737919766243,0.804289863050172,True,False
PEG,2.1489251823639535,0.11240950464117276,0.012947219802337108,0.009245592455924559,0.09014591245252848,0.8316820445309447,460.8548325689805,0.31756867568675684,-3.1059602649006623,0.22,0.8316820445309447,True,False
PSA,0.6118098248127344,0.10865932015816746,0.10022010886797354,0.02853427992328251,18.615953240501977,0.7448943076222798,7.136977518024062,0.42108605000128235,-26.243873407085843,0.4320631682264991,0.7448943076222798,True,True
PHM,0.87271133632325,1.9868336774158932,0.3247678544189071,0.0318127916404503,129.98508575689783,0.714561725835136,0.14915043477468407,0.5339851265936851,-157.034,0.13440610444752274,0.714561725835136,True,True
DGX,1.19015625,0.43954312721543914,0.21071287908625444,0.040161210492823306,284.0,0.885283868277946,0.2595422129619979,0.45252068160927666,-19.142857142857142,0.2038765254845657,0.885283868277946,True,False
RTX,1.3496687579520028,0.4714646382559135,0.10836611080410449,0.0016256257735577189,0.007167485678603426,0.6351803453013558,1299.5576598353355,0.42105554837160325,-0.8455056179775281,0.01790194615854072,0.6351803453013558,True,True
O,0.8868304336543901,0.12611821208406754,0.0780511119281484,0.0011576230315632208,0.001630120620669992,0.8309392247729441,2768.658792286919,0.529205519027443,-2.5201676952321432,0.056612914388539,0.8309392247729441,True,False
REG,0.8069277504415032,0.10574788304788575,0.056745684224695274,0.001154857277098119,7.476723629935179,0.5501742376674715,0.3977113178746121,0.5497217119812529,-1.6609174401325246,0.05053772006691627,0.5501742376674715,True,True
REGN,0.5884647671719915,1.5268272216161787,0.26399261559117226,0.05235637901019647,8421.0,1.0726838277003832,-0.2201258471478077,0.6295386719721462,-40.041825095057035,0.36708805579773324,1.0726838277003832,False,False
RSG,1.7605524426231467,0.12040580890336591,0.02757871878393051,0.011250492209034145,74.28571428571429,0.8472231763039874,0.558524647968733,0.3621836339955258,-5.50281214848144,0.10108471676839936,0.8472231763039874,True,False
RMD,0.8371351210859954,0.7288060510469783,0.2215687428271547,0.03876617046433517,306.61206896551727,1.0472893500603386,0.33404298549347916,0.5443257757811873,-24.273893660976405,0.2308514118367898,1.0472893500603386,False,False
RHI,1.146591079446144,1.353977866613881,0.42876040036141505,0.029553757726995363,664.4649122807018,0.5716432522029266,0.04274222581248826,0.4658549127382084,-504.72185430463577,0.06366013192738532,0.5716432522029266,True,True
ROK,5.757832263086203,0.4538434241876341,0.1190625052805894,0.0361611628835327,1.448180815876516,0.7803782333460944,120.88194880008405,0.14147865706773852,-10.438931297709924,0.1673248407643312,0.7803782333460944,True,True
ROL,0.9363514724739364,0.37995763439629016,0.10928035724509075,0.04406206639181514,0.24280470726073916,1.0861419369822858,110.93246987992029,0.5164351690359046,-136.04387990762126,0.13633591343468712,1.0861419369822858,False,False
ROP,1.327746557883652,0.12646856075486804,0.022392540267287323,0.00991036698799256,213.0909090909091,0.872655483195894,3.1313773550098576,0.4296000338237781,-5.900481540930979,0.1715833394334236,0.872655483195894,True,False
RCL,2.650381613816746,0.19717507986545368,0.17454042086190838,-0.04921831725376002,-691.1011804384485,0.5616346651210242,-0.05308558236533462,0.2691334552493184,5.144114140043584,-9.33511004811936,0.5616346651210242,True,True
SPGI,19.101809954751133,0.5733743929882743,0.37285325121402346,0.03973105134474328,1.5476190476190477,0.9316517078031439,129.98944604824146,0.03859587844917918,-27.2,0.24647887323943662,0.9316517078031439,True,False
CRM,0.5031217481789803,0.7676318510858324,0.2095139607032058,0.04543094496365525,2625.0,0.8424853300412491,0.45419581842311335,0.665282104534441,-6.137931034482759,0.5096097845078625,0.8424853300412491,True,False
SBAC,-3.010407458277219,0.033954899367579436,0.020130038118195283,0.0024979296448950834,20.258527827648116,0.9996314302059375,1.2141033892894333,-0.49657508698147873,-1.588262437728955,0.04315600260068077,0.9996314302059375,True,False
SLB,2.675332225913621,0.44640029803483283,0.04538822141504455,-0.07688002328340833,-0.2632628028212205,0.6158242834765947,291.13876937543176,0.2695502272371102,-1.4444444444444444,-0.6411501120238984,0.6158242834765947,True,True
STX,3.8665568369028005,0.5672489703167164,0.23633006675188184,0.025163619950349807,,0.4904043232343651,,0.2054840893703453,-5.04,0.09636992221261884,0.4904043232343651,True,True
SEE,236.88571428571427,0.2872994813653359,0.05458586763616314,0.02299166123331389,5.775862068965517,0.6634306849854188,2.7171681939898975,0.004203699255344704,-4.313465783664459,0.10830908503071451,0.6634306849854188,True,True
SRE,2.1017156263747006,0.17767855066396893,0.11381660038605548,0.03328215251882723,0.30387182910547395,0.9334844770765394,-2891.925394117218,0.2991737954229729,-2.290909090909091,0.9010292953285828,0.9334844770765394,True,False
NOW,1.881928746359,0.7883711469365585,0.26795764410066253,0.0016686870957330381,65.93846153846154,1.043661657631657,0.3916927588092043,0.3469898418770381,-8.688220551378446,0.011161729625372839,1.043661657631657,False,False
SHW,3.946093694293252,0.31173806196694454,0.037337975232496504,0.03391687530334411,5.862126245847176,0.8333278690623797,18.625691407987773,0.2021797527114759,-11.505402160864346,0.13779235484752644,0.8333278690623797,True,False
SPG,17.220170014462102,0.08932694587979442,0.03674067828934089,0.004635271618673424,4586.25,0.45590200769541994,0.0031346841299672245,0.05403009799733589,-1.9921132677426705,0.13861315068182634,0.45590200769541994,True,True
SWKS,0.22633398972191537,2.458992042440318,0.6012732095490716,0.04834824837957977,5.963768115942029,0.8501635379846841,22.557570005266854,0.8154385415238804,-102.92307692307692,0.25804765886287623,0.8501635379846841,True,False
SO,3.1944218600869596,0.11701174101165249,0.03739196830701473,0.010157683625911431,0.237516612872603,0.8263385598124112,115.53193065098354,0.2296968122249468,-4.3355704697986575,0.22259786476868326,0.8263385598124112,True,False
LUV,2.6446923943085268,0.6244387676110853,0.46868710326675955,-0.03249543603426485,-1.302927927927928,0.6419034778391026,-31.714285714285715,0.27437157702569864,15.929292929292929,-0.645287228109314,0.6419034778391026,True,True
STE,0.5017930463417276,0.6285462310503401,0.17049666905632005,0.019272955614378487,0.05317146186610946,0.8953086499293407,2147.875757101106,0.6640146583555558,-16.94875937680323,0.1399993651902049,0.8953086499293407,True,False
SYK,1.4862159248421376,0.7018134715025907,0.3669948186528497,0.019234343058910985,16.342105263157894,0.8188834565107577,9.456270445672969,0.40221767948956205,-2.2982456140350878,0.16617607706716617,0.8188834565107577,True,False
TTWO,1.0115776405051284,1.339785176321148,0.4583160696616411,0.017018228100218056,72.3386744355426,0.899940108482936,1.2510730174828504,0.49712224865896276,-1440.4634146341464,0.11807875483568767,0.899940108482936,True,False
TEL,1.0387935628263882,0.5934133579562942,0.09695290858725762,0.011953019436648997,1.5436241610738255,0.6762855974263827,19.438626448313396,0.48763122336555453,-39.083333333333336,0.07053051211284882,0.6762855974263827,True,True
TSLA,2.719228817858955,0.572281513545787,0.3214792148667811,0.00272715353349941,,0.320618189577956,,0.2584240199291989,-1.8901734104046244,0.017229953611663355,0.320618189577956,True,True
TXN,1.1870270270270271,0.9369560817648249,0.2855697227281927,0.07431207777228538,0.7771395749569213,0.7516410637541284,168.14731340414934,0.45724172021749876,-32.673469387755105,0.35446685878962536,0.7516410637541284,True,True
TT,1.8154459924293591,0.603327450166113,0.27599840808416387,0.022330735699075777,1.5145557655954631,0.6581198019937474,34.00010468382018,0.3549003868579774,-9.153846153846153,0.11460449148905735,0.6581198019937474,True,True
TDG,-5.630161127895267,0.3112283682869025,0.21092876626570675,0.004457733079641207,82.0,0.7155421613210655,2.140180158185529,-0.2159282413699375,-1.3183520599250935,0.06990622335890878,0.7155421613210655,True,True
TRV,3.1791087651262164,0.32026882024058284,0.006584966397469927,0.007105787737145999,0.03497420282500211,0.6871274785883699,1074.913806301914,0.23928546879296123,-12.333333333333334,0.09993957703927492,0.6871274785883699,True,True
TRMB,0.9770149253731343,0.3362664222425909,0.056217537427436605,0.01278625666108117,282.3333333333333,0.6275283227075664,0.08198892271089422,0.5057138112706249,-5.836734693877551,0.1069309430627446,0.6275283227075664,True,True
TWTR,0.6754537327280491,1.6278303653189568,0.4171302767788377,0.0021895832709389836,7164.75,0.7452688106232452,0.0008287279956421944,0.5968532466556119,-1.4163427071237442,0.030610969705190907,0.7452688106232452,True,True
TYL,0.30244330158396965,1.5795997599716594,0.6350195565259512,0.02261902563422418,112.04158004158005,0.8599975198557188,4.190718901608299,0.7677877407667939,-67.77213114754099,0.1987967140185399,0.8599975198557188,True,False
UAA,2.307759534150465,0.8762632967946233,0.25510070862208445,0.008007729331922293,259.64,0.5247663431036823,0.028214661429667675,0.3023194369710526,-8.777733199598796,0.027177550084751027,0.5247663431036823,True,True
UA,2.307759534150465,0.8762632967946233,0.25510070862208445,0.008007729331922293,259.64,0.5284640015619361,0.024722376143379455,0.3023194369710526,-8.777733199598796,0.027177550084751027,0.5284640015619361,True,True
UNP,2.7045177045177047,0.11028700419219607,0.05591744598516608,0.021392472611984806,0.49011147069399497,0.8763703285853552,335.55782982887587,0.26994067237969677,-6.925423728813559,0.2770888391949583,0.8763703285853552,True,False
UAL,7.737541053834071,0.3040637803122578,0.2426826117447311,-0.030087107159783622,-613.6666666666666,0.6071990263490067,-0.055187930121757545,0.11444867541551586,8.182370820668693,-0.7396544797107272,0.6071990263490067,True,True
UNH,1.8552222102987843,0.421697598704325,0.14501974912822885,0.01661002571097927,317.2,0.7717590870869251,0.9828723288970059,0.3415789997329409,-11.774683544303798,0.04871381402134685,0.7717590870869251,True,True
UPS,10.157367668097281,0.35088028169014085,0.1556161971830986,0.03135916418293113,217.44444444444446,0.814649270908593,0.4395660016176512,0.08960676857994423,-15.613636363636363,0.09214615312176287,0.814649270908593,True,False
URI,3.303773131458784,0.1257001527606023,0.01265730704881065,0.011614920705829796,208.0,0.5544787415016286,0.21100362756952842,0.23235425508152782,-4.781512605042017,0.09510745313214448,0.5544787415016286,True,True
UHS,1.1632952571850617,0.42689558959489987,0.1587591290860224,0.018594597710592322,283.85764705882355,0.6692487824581617,0.11815527986284818,0.4595329228550656,-13.933851364813709,0.08284140892780566,0.6692487824581617,True,True
VLO,1.6498985590178432,0.48625299533358557,0.12760121074536512,-0.008969303332560118,-66.28571428571429,0.5051686483290085,1.730939483642578,0.37158818526250675,4.076923076923077,-0.032066344160331724,0.5051686483290085,True,True
VTR,1.3419468086817383,0.06323196478595998,0.042996110755089675,0.0005264552321272867,0.13642248066162388,0.7145867642838197,8.732299021115056,0.421001183172111,-1.1696290203887278,0.01387134709045476,0.7145867642838197,True,True
VRSN,-2.2727203213277853,0.38282981342329,0.04624615226401452,0.09691005981955511,0.011843596284920994,0.9404986382611216,21185.60406736047,-0.7857185771629185,-9.169321560101167,0.5378744742496359,0.9404986382611216,True,False
VRSK,1.9817040432825341,0.16666319321426337,0.0462247045828731,0.025735497811513103,1858.0,1.0872308420083145,0.08905414634715642,0.33537869134024045,-7.81586402266289,0.2644087092642664,1.0872308420083145,False,False
VZ,3.5418402004026497,0.1673667036934185,0.0389778880866426,0.014670330040337515,10.156177156177156,1.0100062740622604,2.7083020535285165,0.21909196818790952,-7.637931034482759,0.1381289034017056,1.0100062740622604,False,False
VRTX,0.3895211799436723,2.354191707489521,1.6912299252563001,0.05905642131539752,256.6066897347174,1.2742086450086554,0.7797143120114886,0.7196723694708543,-48.646146073903004,0.4338858367608828,1.2742086450086554,False,False
VIAC,2.6210177310076404,0.3420690793092069,0.06291937080629194,0.009396733609439713,481.0,0.2883872448046227,0.028653081258138022,0.2710400875205126,-5.517110266159696,0.07665338645418326,0.2883872448046227,True,True
VTRS,1.4899066776113932,0.39233065171808806,0.0355438829218195,0.00594371237169167,30.442622950819672,0.9530978644546689,0.17109468024117605,0.4016214780223473,-4.42455242966752,0.06248107398808923,0.9530978644546689,True,False
VNO,1.789893798214456,0.24568912066776033,0.14133844552120298,0.003740840492269556,8.611875737318128,0.6441518454959793,-3.191252838743279,0.3175833509936686,-0.9588642345435847,0.16842871645525487,0.6441518454959793,True,True
VMC,0.9551020249809727,0.4000813467460683,0.19146332482130118,0.017237171060209226,1.5083576184939678,0.7537641094186961,50.51476067144017,0.5114822588400378,-8.18383544799061,0.15252273091633647,0.7537641094186961,True,True
WRB,3.6984626809307315,0.3919274956976368,0.11597357254403591,0.005376294157491909,2.150393421705536,0.8076696053071064,7.63585256274639,0.21249941071948228,-6.318145242405954,0.07435855828384773,0.8076696053071064,True,False
WAB,0.871942796782319,0.4624103065883888,0.06848150218991707,0.004700683440380387,43.4,0.7849692441785983,0.36795903941475444,0.5331918073802896,-4.001945525291829,0.0499597099113618,0.7849692441785983,True,True
WM,2.4619147449336127,0.19057621345444223,0.039909168322452455,0.01574358146294203,65.0,0.799930950608124,0.6486438717856003,0.2888341676085903,-7.154639175257732,0.10101010101010101,0.799930950608124,True,False
WEC,2.3790655171423922,0.06946896781952226,0.0005268894618085581,0.007532042233640111,83.375,1.0211126513904731,0.5287768182117173,0.2950341595618542,-3.12346688470973,0.16159903089036948,1.0211126513904731,False,False
WELL,0.9467693874436812,0.2476319047015162,0.1051602307657706,0.010005194274884542,0.7782393674362572,0.6793002762000941,74.65578721551937,0.49499334651584553,-1.0489062963051958,0.3140063305666841,0.6793002762000941,True,True
WST,0.5025888649717842,1.4333834934598912,0.6012269938650306,0.031864643023075734,4.377659574468085,0.8169518236870734,43.482983851312184,0.6655180424345671,-50.80952380952381,0.15018248175182483,0.8169518236870734,True,False
WU,130.55290611028315,0.19079690871108776,0.1428522505450851,0.025897226753670472,55.75609756097561,0.8352385710879313,0.3550188788052263,0.007601504440819286,-10.333333333333334,0.18164481525625745,0.8352385710879313,True,False
WRK,1.5833639258607883,0.2699165862364594,0.015717590221124657,0.005895447459508019,68.65384615384616,0.5252037257905897,0.09685560987627657,0.38685695035273604,-3.0660569105691056,0.04213582607464061,0.5252037257905897,True,True
WY,0.9181423712911927,0.26133605824498657,0.10052369395835994,0.01730251895328931,0.3033226152197213,0.7793903660979443,42.29083875605935,0.5213377353876253,-5.2792792792792795,0.13412322274881516,0.7793903660979443,True,True
WHR,4.770394541679027,0.5787575399539829,0.2193893414588645,0.019499975440836977,3.5132743362831858,0.7849602988945403,17.590905374950832,0.16557787710594823,-12.509803921568627,0.07503307503307503,0.7849602988945403,True,True
WMB,2.4457190357439735,0.04768540547889334,0.002379172048127252,0.00697202166064982,0.24759615384615385,0.6745403011787293,50.77180926567686,0.27143501805054154,-2.191780821917808,0.15985514743921367,0.6745403011787293,True,True
WYNN,-112.76929830695477,0.26660772025308144,0.2449329590766602,-0.05428049713340965,-614.3776337115073,0.5669061229701576,-0.5119447287413901,-0.009214715478843305,1.8995673202794505,-2.0465323442713226,0.5669061229701576,True,True
XEL,2.9937243182667164,0.1095555389184198,0.04055301839235357,0.005368901526489075,0.21858339680121858,0.9927801335029182,166.7731998021518,0.25039284645315774,-2.019230769230769,0.11098221191028615,0.9927801335029182,True,False
XYL,1.9438437391001047,0.5941144805311322,0.251570069980262,0.004379734848484848,18.5,0.7044610456045807,0.6055927068536932,0.33937026515151514,-6.681818181818182,0.030327868852459017,0.7044610456045807,True,True
YUM,-1.7653744159616114,0.1452074391988555,0.07939914163090128,0.04669196502227355,12.304347826086957,0.7664629496770147,4.204051497511854,-1.306550074245174,-3.1180124223602483,0.19544198895027623,0.7664629496770147,True,True
ZBH,1.0231717794511548,0.42417656598585696,0.07963086447194026,0.010093442384133525,78.2258064516129,0.8577553846458934,1.1000026299701473,0.49414996566148467,-6.561111111111111,0.1256932566215726,0.8577553846458934,True,False
ZTS,2.8089950027762356,0.667819727218818,0.3611385649337814,0.034899817850637525,95.8,0.9319285508367459,1.463117090408488,0.2624408014571949,-10.806451612903226,0.26819708846584545,0.9319285508367459,True,False
